{
    "AQVM5MYDWPB0W": 1.5128205128205128,
    "A10249252O9I20MRSOBVF": 2.1052631578947367,
    "A1IWRYUOVXAB0Z": 1.4210526315789473,
    "A1NVJB5O4H7ZCJ": 0.4375,
    "A3K9GTQBOI7O5A": 0.8,
    "A1FR4S8V4MNRVM": 0.95,
    "A3U21PUMQ6NGT2": 0.7368421052631579,
    "A1H198MRIM37T1": 0.7,
    "A1PHDT66U6IK4Q": 1.15,
    "A183WYXN12P2TJ": 0.75,
    "A26NGLGGFTATVN": 1.0,
    "A2RMJNF6IPI42F": 0.65,
    "A36GU3OHGLDS8R": 0.45,
    "A304UJAE051J89": 0.7,
    "A1PTH9KTRO06EG": 1.0,
    "A2N9U74YIPDQ9F": 0.75,
    "A1ZA9BZNCOW720": 0.8,
    "A1FVXS8IM5QYO8": 0.65
}